<?xml version="1.0" encoding="UTF-8"?>
<beans xmlns="http://www.springframework.org/schema/beans"
	xmlns:xsi="http://www.w3.org/2001/XMLSchema-instance"
	xsi:schemaLocation="http://www.springframework.org/schema/beans https://www.springframework.org/schema/beans/spring-beans.xsd">
	
	<!-- Root Context: defines shared resources visible to all other web components -->
	
	<bean class="org.apache.commons.dbcp.BasicDataSource" id="dataSource" destroy-method="close">
		<property name="driverClassName" value="oracle.jdbc.driver.OracleDriver"/>
		<property name="url" value="jdbc:oracle:thin:@localhost:1521:orcl"/>
		<property name="username" value="HOMEWORK"/>
		<property name="password" value="HOMEWORK"/>
	</bean>
	
	
	<!-- SqlSession 등록 -->
	
	<bean id="sqlSession" class="org.mybatis.spring.SqlSessionFactoryBean">
		<property name="configLocation" value="classpath:mybatis-config.xml"/>
										<!--큰 리솔시스를 classpath라고 한다 (src/main/resources) -->
		<property name="dataSource" ref="dataSource"/>
		
	</bean><!--  2시40분 -->
	
	<!--  sqlsession에 대한 기본생성자를 만드는것인데,이건 기본생성자가없음 -->
	<bean id="sqlSessionTemplate" class="org.mybatis.spring.SqlSessionTemplate">
		<constructor-arg ref="sqlSession"/>
	</bean>
	
	<!--  mvn에서 spring jdbc 검색해서 라이브러리 pom.xml에 붙여넣기 -->
	<bean id="transactionManager" class="org.springframework.jdbc.datasource.DataSourceTransactionManager">
		<property name="dataSource" ref="dataSource"/>
	</bean>
	
	
</beans>
